OrderContentID,MeetingID
1,1
2,2
3,3
4,4
5,5
6,6
7,7
8,8
9,9
10,10
11,11
12,12
13,13
14,14
15,15
16,16
17,17
18,18
19,19
20,20
21,21
22,22
23,23
24,24
25,25
26,26
27,27
28,28
29,29
30,30
31,31
32,32
33,33
34,34
35,35
36,36
37,37
38,38
39,39
40,40
41,41
42,42
43,43
44,44
45,45
46,46
47,47
48,48
49,49
50,50
51,51
52,52
53,53
54,54
55,55
56,56
57,57
58,58
59,59
60,60
61,61
62,62
63,63
64,64
65,65
66,66
67,67
68,68
69,69
70,70
71,71
72,72
73,73
74,74
75,75
76,76
77,77
78,78
79,79
80,80
81,81
82,82
83,83
84,84
85,85
86,86
87,87
88,88
89,89
90,90
91,91
92,92
93,93
94,94
95,95
96,96
97,97
98,98
99,99
100,100
101,101
102,102
103,103
104,104
105,105
106,106
107,107
108,108
109,109
110,110
111,111
112,112
113,113
114,114
115,115
116,116
117,117
118,118
119,119
120,120
121,121
122,123
123,125
124,127
125,129
126,131
127,133
128,135
129,137
130,139
131,1
132,2
133,3
134,4
135,5
136,6
137,7
138,8
139,9
140,10
141,11
142,12
143,13
144,14
145,15
146,16
147,17
148,18
149,19
150,20
151,21
152,22
153,23
154,24
155,25
156,26
157,27
158,28
159,29
160,30
161,31
162,32
163,33
164,34
165,35
166,36
167,37
168,38
169,39
170,40
171,41
172,42
173,43
174,44
175,45
176,46
177,47
178,48
179,49
180,50
181,51
182,52
183,53
184,54
185,55
186,56
187,57
188,58
189,59
190,60
191,61
192,62
193,63
194,64
195,65
196,66
197,67
198,68
199,69
200,70
201,71
202,72
203,73
204,74
205,75
206,76
207,77
208,78
209,79
210,80
211,81
212,82
213,83
214,84
215,85
216,86
217,87
218,88
219,89
220,90
221,91
222,92
223,93
224,94
225,95
226,96
227,97
228,98
229,99
230,100
231,101
232,102
233,103
234,104
235,105
236,106
237,107
238,108
239,109
240,110
241,111
242,112
243,113
244,114
245,115
246,116
247,117
248,118
249,119
250,120
251,121
252,123
253,125
254,127
255,129
256,131
257,133
258,135
259,137
260,139
261,1
262,2
263,3
264,4
265,5
266,6
267,7
268,8
269,9
270,10
271,11
272,12
273,13
274,14
275,15
276,16
277,17
278,18
279,19
280,20
281,21
282,22
283,23
284,24
285,25
286,26
287,27
288,28
289,29
290,30
291,31
292,32
293,33
294,34
295,35
296,36
297,37
298,38
299,39
300,40
