OrderContentID,WebinarID
1,1
2,2
3,3
4,4
5,5
6,6
7,7
8,8
9,9
10,10
11,11
12,12
13,13
14,14
15,15
16,16
17,17
18,18
19,19
20,20
21,21
22,22
23,23
24,24
25,25
26,26
27,27
28,28
29,29
30,30
31,31
32,32
33,33
34,34
35,35
36,36
37,37
38,38
39,39
40,40
41,1
42,2
43,3
44,4
45,5
46,6
47,7
48,8
49,9
50,10
51,11
52,12
53,13
54,14
55,15
56,16
57,17
58,18
59,19
60,20
61,21
62,22
63,23
64,24
65,25
66,26
67,27
68,28
69,29
70,30
71,31
72,32
73,33
74,34
75,35
76,36
77,37
78,38
79,39
80,40
81,1
82,2
83,3
84,4
85,5
86,6
87,7
88,8
89,9
90,10
91,11
92,12
93,13
94,14
95,15
96,16
97,17
98,18
99,19
100,20
101,21
102,22
103,23
104,24
105,25
106,26
107,27
108,28
109,29
110,30
111,31
112,32
113,33
114,34
115,35
116,36
117,37
118,38
119,39
120,40
121,1
122,2
123,3
124,4
125,5
126,6
127,7
128,8
129,9
130,10
131,11
132,12
133,13
134,14
135,15
136,16
137,17
138,18
139,19
140,20
141,21
142,22
143,23
144,24
145,25
146,26
147,27
148,28
149,29
150,30
151,31
152,32
153,33
154,34
155,35
156,36
157,37
158,38
159,39
160,40
161,1
162,2
163,3
164,4
165,5
166,6
167,7
168,8
169,9
170,10
171,11
172,12
173,13
174,14
175,15
176,16
177,17
178,18
179,19
180,20
181,21
182,22
183,23
184,24
185,25
186,26
187,27
188,28
189,29
190,30
191,31
192,32
193,33
194,34
195,35
196,36
197,37
198,38
199,39
200,40
201,1
202,2
203,3
204,4
205,5
206,6
207,7
208,8
209,9
210,10
211,11
212,12
213,13
214,14
215,15
216,16
217,17
218,18
219,19
220,20
221,21
222,22
223,23
224,24
225,25
226,26
227,27
228,28
229,29
230,30
231,31
232,32
233,33
234,34
235,35
236,36
237,37
238,38
239,39
240,40
241,1
242,2
243,3
244,4
245,5
246,6
247,7
248,8
249,9
250,10
251,11
252,12
253,13
254,14
255,15
256,16
257,17
258,18
259,19
260,20
261,21
262,22
263,23
264,24
265,25
266,26
267,27
268,28
269,29
270,30
271,31
272,32
273,33
274,34
275,35
276,36
277,37
278,38
279,39
280,40
281,1
282,2
283,3
284,4
285,5
286,6
287,7
288,8
289,9
290,10
291,11
292,12
293,13
294,14
295,15
296,16
297,17
298,18
299,19
300,20
